feature_source,accuracy,precision,recall,f1
title_plus_text,0.991304347826087,0.9890556597873671,0.996225228059138,0.9920100266332446
text_only,0.9895993179880648,0.9853399875233937,0.9959106637307329,0.9904583137806976
title_only,0.9495311167945439,0.9502247912652537,0.966341616860648,0.9538365564566438
