model,feature_source,ngram_range,tuned,split,accuracy,precision,recall,f1,notes
LogisticRegression,title_plus_text,"(1, 1)",Yes,VAL,0.9636828644501279,0.9540722596448254,0.980182447310475,0.9669511249030256,{'C': 0.1}
LogisticRegression,title_plus_text,"(1, 1)",Yes,VAL,0.984313725490196,0.9794967381174278,0.9918213274614659,0.9856205064082526,{'C': 1}
LogisticRegression,title_plus_text,"(1, 1)",Yes,VAL,0.9873827791986359,0.9837955749454659,0.9930795847750865,0.9884157795867251,{'C': 5}
LogisticRegression,title_plus_text,"(1, 1)",Yes,VAL,0.9895993179880648,0.9859725685785536,0.9949669707455174,0.9904493502426804,{'C': 10}
LinearSVC,title_plus_text,"(1, 1)",Yes,VAL,0.9860187553282183,0.9813490829965806,0.9930795847750865,0.9871794871794872,{'C': 0.1}
LinearSVC,title_plus_text,"(1, 1)",Yes,VAL,0.991304347826087,0.9881398252184769,0.9959106637307329,0.9920100266332446,{'C': 1}
LinearSVC,title_plus_text,"(1, 1)",Yes,VAL,0.991304347826087,0.9890556597873671,0.9949669707455174,0.992002509016779,{'C': 5}
LinearSVC,title_plus_text,"(1, 1)",Yes,VAL,0.9911338448422847,0.9884411121524523,0.9952815350739226,0.9918495297805643,{'C': 10}
