model,split,accuracy,precision,recall,f1
LogisticRegression,VAL,0.9820971867007673,0.9758513931888545,0.9915067631330607,0.9836167888906225
MultinomialNB,VAL,0.9481670929241262,0.9294890947116821,0.9786096256684492,0.9534171008274593
LogisticRegression,TEST,0.983461210571185,0.9791666666666666,0.9905630701478453,0.984831899921814
